﻿<?xml version="1.0" encoding="utf-8" ?>
<Defs>

	<ThingDef Name="TR_SandbagBase" Abstract="True">
		<category>Building</category>
		
	<researchPrerequisites>
      <li>Trenches1</li>
    </researchPrerequisites>
		
		<soundImpactDefault>BulletImpact_Metal</soundImpactDefault>
		<selectable>true</selectable>
		<drawerType>MapMeshAndRealTime</drawerType>
		<terrainAffordanceNeeded>Light</terrainAffordanceNeeded>
		<repairEffect>Repair</repairEffect>
	        <leaveResourcesWhenKilled>false</leaveResourcesWhenKilled>
		<designationCategory>Trenches</designationCategory>
	</ThingDef>
	
	
	<ThingDef ParentName="TR_SandbagBase">
		<defName>Trench-Sandbag</defName>
		<label>Trench - Sandbag</label>
		<thingClass>Building</thingClass>
		<category>Building</category>
		<description>Sandbags for extra cover.</description>


		<graphicData>
			<texPath>Things/Building/Trench/Sandbags/Sandbags_Atlas</texPath>
			<graphicClass>Graphic_Single</graphicClass>
			<linkType>Basic</linkType>
			<linkFlags>
				<li>Custom1</li>
			</linkFlags>
		</graphicData>


		<uiIconPath>Things/Building/Trench/Sandbags/Trench-SandbagsUI</uiIconPath>

		<constructEffect>ConstructDirt</constructEffect>
		<repairEffect>ConstructDirt</repairEffect>
		<altitudeLayer>Building</altitudeLayer>

		<building>
			<isInert>true</isInert>
				<blueprintGraphicData>
			<texPath>Things/Building/Trench/Sandbags/Sandbags_Blueprint_Atlas</texPath>
		</blueprintGraphicData>
		</building>

		<statBases>
			<Beauty>-10</Beauty>	
			<MaxHitPoints>600</MaxHitPoints>
			<WorkToBuild>600</WorkToBuild>
			<Flammability>0</Flammability>
		</statBases>

		<damageMultipliers>
			<li>
				<damageDef>Bomb</damageDef>
				<multiplier>10</multiplier>
			</li>
		</damageMultipliers>

		<costList>
			<Cloth>5</Cloth>
		</costList>

		<filthLeaving>Filth_RubbleBuilding</filthLeaving>
		
		<passability>PassThroughOnly</passability>
		<pathCost>60</pathCost>
		<pathCostIgnoreRepeat>false</pathCostIgnoreRepeat>
		
		<castEdgeShadows>false</castEdgeShadows>
		<fillPercent>0.5</fillPercent>
		<coversFloor>false</coversFloor>
		<placingDraggableDimensions>1</placingDraggableDimensions>
		<tickerType>Never</tickerType>
		<rotatable>false</rotatable>
		<selectable>true</selectable>
		<neverMultiSelect>false</neverMultiSelect>
		<holdsRoof>false</holdsRoof>

		<staticSunShadowHeight>0</staticSunShadowHeight>
		<blockLight>false</blockLight>

	</ThingDef>

</Defs>
